title,link,description,bloggername,bloggerlink,postdate
초임계RTG 오메가3 먹는 방법 및 후기,https://blog.naver.com/abr0402/224180401453,&quot;3. 제품 선택 시 고려했던 사항들&quot; 초창기에는 초임계RTG <b>오메가3</b>로 유명한 제품이면 만족스럽지 않을까 여겼어요. 그러나 조사하면 할수록 식물성 <b>오메가3</b>는 다양한 요소들을 비교해야 한다는 것을 깨닫게... ,GO,blog.naver.com/abr0402,20260211
오메가3 효능 부작용 오메가3효능 없다 기준 체크,https://blog.naver.com/avsurfer/224171476231,<b>오메가3</b>를 먹으면서 한 번쯤은 이런 생각이 들었어요. “이거 정말 효과 있는 거 맞아?” 몇 달을 먹어도 눈에 띄는 변화가 없으면 괜히 의심부터 들더라고요. 그래서 저도 <b>오메가3</b> 효능이 없다고 느꼈던 경험이... ,오디오 앤 뮤직 세렌디피티,blog.naver.com/avsurfer,20260204
초임계알티지오메가3 복용방법 용량 비교 후기,https://blog.naver.com/note377/224180397304,3. 제품을 선택할 때의 구체적인 기준 초임계알티지<b>오메가3</b>를 고를 때는 인기 순위보다 성분표를 중심으로 비교했습니다. 특히 숫자와 공정 정보가 명확한지를 우선적으로 살폈습니다. ㄱ. 하이퍼셀 기술 적용... ,이것저것 해보는 블로그,blog.naver.com/note377,20260211
알티지 오메가3 초임계 식물성 용량 및 복용법,https://blog.naver.com/jasonmoondistri/224177725016,<b>오메가3</b>를 다시 고르게 된 결정적 이유 저는 <b>오메가3</b>를 꽤 오래 챙겨왔지만 뭔가 확실한 느낌이 없다 보니 “이건 그냥 꾸준히 먹는 영양제라 그런가 보다” 하고 지나쳤던 사람이었어요. 그러다 어느... ,"꾸준한 한걸음, 오늘보다 나은 내일을 기대합니다.",blog.naver.com/jasonmoondistri,20260210
오메가3 고르는법 뉴트리코어 오메가3 추천,https://blog.naver.com/king3799/224181011806,"3. <b>오메가3</b>는 얼마나 ‘깨끗하냐’가 관건이었다 예전에는 단순히 함량만 봤는데, 지금은 어떻게 만들어졌는지가 더 중요해졌어요. 열로 가공된 제품은 산패가 빠르다고 해서 요즘은 저온 추출 방식을 더 신경... ",싱글벙글 소리 Story,blog.naver.com/king3799,20260212
오메가3 고르는법 뉴로랩스 오메가3 추천,https://blog.naver.com/tmvlem5070/224169422091,"#<b>오메가3</b>고르는법 #뉴로랩스<b>오메가3</b> #<b>오메가3</b>추천 본 내용은 특정 질환 및 치료 예방을 위한 의약품 정보가 아니며, 건강한 생활을 위한 일반적인 건강기능식품 정보입니다. <b>오메가3</b>를 처음 고를 때는솔직히... ",그래도 해야지 어떻게 해,blog.naver.com/tmvlem5070,20260203
알티지오메가3분석 효과 흡수율 비교하기,https://blog.naver.com/m_l_93/224179524318,3. 알티지<b>오메가3</b>분석에서 잡아둔 체크 기준 처음에는 사실 인지도가 높은 쪽만 보고 고르려 했습니다. 노출이 많은 제품이면 당연히 괜찮을 거라고 생각했거든요. 그런데 비교를 해보니 가격 차이는 큰데 구성... ,메롱 같은 블로그,blog.naver.com/m_l_93,20260211
식물성 오메가3추천 약국 RTG 비교 추천 정리,https://blog.naver.com/wandookong2/224180476931,멀어졌던 <b>오메가3</b>를 다시 보게 된 계기 2. rTG 구조와 식물성 선택 이유 3. 4주 섭취 후 느낀 변화 기록 4. 제품을 고를 때 체크한 기준 5. 복용 타이밍과 위 부담에 대한 경험 1. 멀어졌던 <b>오메가3</b>를 다시 보게 된... ,완두콩맘 공식블로그,blog.naver.com/wandookong2,20260212
약국 오메가3추천 및 순도 80% (ft. 하루틴 오메가3),https://blog.naver.com/simjaetaro7/224168594549,<b>오메가3</b>는 다음과 같은 방향에서 많이 언급되고 있더라고요. 1) 혈중 중성지질 흐름 정리에 도움 2) 전반적인 혈액 순환 관리 3) 혈관 내부 염증 완화 방향 4) 혈관 내피 보호 역할 5) 혈관 탄력 유지에 참고되는... ,귤옹이의 ㅇ 아루,blog.naver.com/simjaetaro7,20260202
약국 오메가3 추천 비교 선택 이유,https://blog.naver.com/mallangjuice/224179451962,3. <b>오메가3</b> 유형 차이 알고 나서 이해한 이유 그러다 우연히 <b>오메가3</b> 관련 정보를 찾아보면서 <b>오메가3</b>도 형태가 다르다는 걸 처음 알게 됐는데요. <b>오메가3</b>는 크게 세 가지로 나뉜다고 합니다. ✅ EE형 저가... ,마마말랑의 뷰티 패션 블로그,blog.naver.com/mallangjuice,20260211
알티지오메가3 가격 분석 및 추천 후기,https://blog.naver.com/3_taste/224161987717,알티지<b>오메가3</b> 가격 분석 및 추천 후기 알티지<b>오메가3</b> 가격 분석 및 추천 후기 알티지<b>오메가3</b> 가격 분석 및 추천 후기 안녕하세요 요즘 들어 전반적인 컨디션이 눈에 띄게 떨어졌다는 생각이 들었어요. 충분히... ,마블 일상탈출,blog.naver.com/3_taste,20260128
오메가3 고르는법 비교 오전vs오후 복용 효과 후기,https://blog.naver.com/smekdbs/224163385182,"3. <b>오메가3</b> 고를 때 꼭 확인한 6가지 기준 워낙 다양한 제품이 쏟아지다 보니, 처음엔 뭐가 중요한지도 몰랐는데 여러 자료와 후기를 참고하면서 저만의 선택 기준 6가지를 세웠어요. ① 하이퍼셀 공법 적용 여부... ",벨라킹,blog.naver.com/smekdbs,20260129
"식물성 오메가3 후기 뉴로랩스 ( 초임계, 알티지 )",https://blog.naver.com/ljshhj/224149135480,튀긴 음식 줄이고 삼겹살 먹는 횟수 줄이고 야식 거의 끊고 일주일에 3~4번은 걷기 운동 체중은 조금... 솔직히 고백하자면 <b>오메가3</b>는 예전에 이미 포기했던 영양제다. 비린 트림이 올라오고 속이 더부룩해지고... ,떠나자닷컴,blog.naver.com/ljshhj,20260116
식물성 RTG 오메가3 뉴로랩스 오메가3 추천,https://blog.naver.com/q1640/224152047461,"<b>오메가3</b> 이야기를 꺼내면, 사람들 반응이 거의 비슷합니다. 그거 좋다던데요? 안 먹는 것보단 낫겠죠?... 그때부터 <b>오메가3</b>를 유행템이 아니라 관리 개념으로 다시 보기 시작했습니다. 처음에 제가 했던... ",워나맘네,blog.naver.com/q1640,20260119
알티지오메가3분석 흡수율 비교 후기,https://blog.naver.com/jeongjuhyunj/224177669017,알티지<b>오메가3</b>분석 흡수율 비교 후기 알티지<b>오메가3</b>분석 흡수율 비교 후기 알티지<b>오메가3</b>분석 흡수율 비교 후기 알티지<b>오메가3</b>분석 흡수율 비교 후기 알티지<b>오메가3</b>분석 _ 관심이 생긴 생활 속 신호 안녕하세요... ,나는 성공한다.,blog.naver.com/jeongjuhyunj,20260209
식물성 RTG 오메가3 추천 고르는법 정리!,https://blog.naver.com/wansojun/224166581895,"식물성 <b>오메가3</b>를 지속적으로 섭취해보니, 제가 느끼기에는 대체로 매우 만족스러운 경험이었습니다. 처음에는 사실 비슷할 거라고 생각했는데, 원심분리기를 이용한 추출 방식으로 얻은 rTG 오메가는 넘김성이... ",준또의 오늘 하루,blog.naver.com/wansojun,20260131
오메가3 효능 및 최고순도 오메가3 ( 뉴로랩스 ),https://blog.naver.com/saker000/224182758998,<b>오메가3</b> 효능 및 최고순도 <b>오메가3</b> ( 뉴로랩스 ) <b>오메가3</b> 효능 및 최고순도 <b>오메가3</b> ( 뉴로랩스 ) <b>오메가3</b> 효능 및 최고순도 <b>오메가3</b> ( 뉴로랩스 ) 요즘 들어 몸이 예전 같지 않다는 걸 하루하루 더 느끼고 있어요.... ,saker000님의 블로그,blog.naver.com/saker000,20260213
알티지 오메가3 가격 및 뉴로랩스 제품 추천,https://blog.naver.com/avsurfer/224165668189,"&quot; <b>오메가3</b>는 내 건강 관리 루틴에서는 사실 꽤 오래전부터 껴 있었어요. 근데 정작 이름만 대면 <b>오메가3</b> 먹고 있다 정도였지, 어떤 제품을 왜 선택했는지는 제대로 말하기 어려운 수준이었죠. 그냥 <b>오메가3</b>는... ",오디오 앤 뮤직 세렌디피티,blog.naver.com/avsurfer,20260130
오메가3 식물성 vs 동물성 차이 및 체크할 부분 ( 순도85% ),https://blog.naver.com/rmagml1203/224181654667,<b>오메가3</b> 식물성 vs 동물성 차이 및 체크할 부분 ( 순도85% ) <b>오메가3</b> 식물성 vs 동물성 차이 및 체크할 부분 ( 순도85% ) <b>오메가3</b> 식물성 vs 동물성 차이 및 체크할 부분 ( 순도85% ) 본 내용은 특정 질환 및 치료 예방을... ,홍수미,blog.naver.com/rmagml1203,20260212
약국 오메가3 추천 순도 확인하고 오메가3 고르기,https://blog.naver.com/m_l_93/224172015129,“혈관 순환이 원활하지 않기 시작하면 몸 전반의 리듬도 서서히 둔해지기 마련입니다.” 약국 <b>오메가3</b>... 그래서 오늘은 제가 직접 겪었던 변화와 <b>오메가3</b>를 비교·선택하게 된 과정을 차분하게 풀어보려... ,메롱 같은 블로그,blog.naver.com/m_l_93,20260204
알티지 오메가3 추천 뉴로랩스 오메가3 확인,https://blog.naver.com/isop0315/224168727348,"알티지 <b>오메가3</b>를 찾게 된 계기는 아주 사소한 변화였어요. 눈이 쉽게 피로해지고 아침에 일어나도... <b>오메가3</b>를 먹어야겠다고 생각했지만 막상 고르려고 하니 종류가 너무 많았어요. EE, TG, RTG에 식물성, 동물성... ",이솝의 신나는하루,blog.naver.com/isop0315,20260202
초임계RTG오메가3 먹는방식,https://blog.naver.com/simjaetaro7/224168587888,3. 제품을 고르며 정리했던 기준들 처음에는 유명한 제품이면 충분하지 않을까 생각했지만 알아볼수록 식물성 <b>오메가3</b>는 비교할 요소가 꽤 많다는 걸 알게 됐습니다. 그래서 직접 살펴보며 정리한 기준은... ,귤옹이의 ㅇ 아루,blog.naver.com/simjaetaro7,20260202
셀리티 초임계RTG오메가3 선택방법 및 복용법 정리,https://blog.naver.com/jasonmoondistri/224147355282,<b>오메가3</b> 지방산을 먹는 이유 알아보기 <b>오메가3</b> 복용을 이제 제대로 시작해야겠다 생각이 들었던 건 기본 컨디션이 예전같지 않다는 걸 그런 감정을 느끼기 시작한 건 그때부터였죠. 기상 후 아침에 일어났을... ,"꾸준한 한걸음, 오늘보다 나은 내일을 기대합니다.",blog.naver.com/jasonmoondistri,20260115
오메가3 식물성 동물성 차이 및 추천,https://blog.naver.com/dohyun0305/224164068651,"<b>오메가3</b> 식물성 동물성 차이 및 추천 <b>오메가3</b> 식물성 동물성 차이 및 추천 <b>오메가3</b> 식물성 동물성 차이 및 추천 건강검진 결과지를 받아들고 괜히 한숨이 먼저 나왔어요. 딱히 몸이 아픈 곳은 없었고, 일상생활도... ",Calmness_,blog.naver.com/dohyun0305,20260129
"종근당 알티지 오메가3 순도 ( 식물성, 동물성, 뉴로랩스 )",https://blog.naver.com/tmvlem5070/224181988527,"#종근당알티지<b>오메가3</b>순도 #알티지<b>오메가3</b> #식물성<b>오메가3</b> #동물성<b>오메가3</b> #뉴로랩스<b>오메가3</b> 종근당 알티지 <b>오메가3</b> 순도 ( 식물성, 동물성, 뉴로랩스 ) 종근당 알티지 <b>오메가3</b> 순도 ( 식물성, 동물성, 뉴로랩스 )... ",그래도 해야지 어떻게 해,blog.naver.com/tmvlem5070,20260213
오메가3 효능 부작용 및 순도85% 중요성 ( +뉴로랩스 ),https://blog.naver.com/hangkook77/224181456483,<b>오메가3</b> 효능 부작용 및 순도85% 중요성 ( +뉴로랩스 ) <b>오메가3</b> 효능 부작용 및 순도85% 중요성 ( +뉴로랩스 ) <b>오메가3</b> 효능 부작용 및 순도85% 중요성 ( +뉴로랩스 ) 본 내용은 특정 질환 및 치료 예방을 위한 의약품... ,Burning Heart,blog.naver.com/hangkook77,20260212
알티지오메가3가격 비교 추천 이유,https://blog.naver.com/mallangjuice/224177493652,"3. 제품을 선택할 때의 구체적인 기준 알티지<b>오메가3</b>가격을 비교하면서 가장 먼저 정리한 건, 가격을 보기 전에 기준부터 세우자는 것이었습니다. ㄱ. 하이퍼셀 기술 적용 여부 <b>오메가3</b>는 기름 성분 특성상 체내... ",마마말랑의 뷰티 패션 블로그,blog.naver.com/mallangjuice,20260209
알티지 오메가3 부작용 없는 제품 내돈내산 후기,https://blog.naver.com/sooheenam/224161276610,"솔직히 말하면, 저는 <b>오메가3</b>를 끝까지 먹어본 적이 거의 없는 사람이었어요. 몸에 좋다길래 사 놓고... <b>오메가3</b>를 먹고 나면 속이 편하지 않았어요. 배가 묵직해지고, 트림이 자주 올라오고, 입안에 비린 느낌이... ","⭐"" 그리움의 부동산개발 """,blog.naver.com/sooheenam,20260127
식물성 오메가3추천 RTG 정리 알아보기,https://blog.naver.com/ggomo882/224179338594,"3~4주 차에는 아침에 눈 뜰 때 느껴지는 무게감이 줄고, 업무 중 집중력도 한결 유지되는 듯했습니다. 물론 이런 체감은 사람마다 차이가 있을 수 있습니다. 4. 어떤 <b>오메가3</b>를 고를까? 선택 기준은 이것들... ",설.레.임,blog.naver.com/ggomo882,20260211
RTG 오메가3 효능 제품 비교 추천 이유,https://blog.naver.com/wansojun/224165802229,"알티지 <b>오메가3</b>를 선택하게 된 계기 안녕하십니까. 신년에도 건강하게 지내고 계신지요? 최근 이전과는... 그러던 중 RTG <b>오메가3</b>의 존재를 알게 되었고, 호기심이 생겨 좀 더 상세하게 조사하게 되었습니다.... ",준또의 오늘 하루,blog.naver.com/wansojun,20260130
식물성 오메가3추천 RTG 확인하기,https://blog.naver.com/smekdbs/224180749389,"식물성 <b>오메가3</b>추천 RTG 확인하기 식물성 <b>오메가3</b>추천 RTG 확인하기 식물성 <b>오메가3</b>추천 RTG 확인하기 안녕하세요 벨라킹 입니다 :) !!이 글은 특정 질환의 진단·치료 예방 목적의 의약품 안내가 아니고, 일상... ",벨라킹,blog.naver.com/smekdbs,20260212
초임계RTG오메가3 섭취방법,https://blog.naver.com/sssunz/224173158248,&quot;3. 제품을 고르며 정리했던 기준들&quot; 처음에는 이름이 알려진 제품이면 충분하지 않을까 생각했어요. 하지만 알아볼수록 식물성 <b>오메가3</b>는 비교할 요소가 꽤 많다는 걸 알게 되었고 직접 살펴보며 기준을... ,eun_eun,blog.naver.com/sssunz,20260205
알티지오메가3 가격 비교 + 제품 후기,https://blog.naver.com/3_taste/224180386820,"알티지<b>오메가3</b> 가격 비교 + 제품 후기 알티지<b>오메가3</b> 가격 비교 + 제품 후기 알티지<b>오메가3</b> 가격 비교 + 제품 후기 <b>오메가3</b>는 피로 누적이나 혈행 흐름, 중성지방 관리 쪽으로 자주 언급되다 보니 나이가 조금만... ",마블 일상탈출,blog.naver.com/3_taste,20260212
임산부 식물성 오메가3 추천 복용시간 정리하기,https://blog.naver.com/m_l_93/224152473227,제가 <b>오메가3</b>를 진지하게 다시 들여다보게 된 계기는 임신을 준비하게 되면서부터였어요. 평소에도... 병원에서 기본적인 영양 상담을 받았을 때도 의사 선생님께서 <b>오메가3</b>는 임산부에게도 중요한 성분이라고... ,메롱 같은 블로그,blog.naver.com/m_l_93,20260119
"알티지 오메가3 부작용 및 용량 ( 가격, 순도 )",https://blog.naver.com/1524sck/224155996355,"알티지 <b>오메가3</b>를 처음 알아봤을 때는 효능 이야기만 눈에 들어왔어요. 혈액, 눈, 피로 관리에 좋다는... 주변에 물어보면 <b>오메가3</b> 먹고 속이 불편했다거나 트림이 올라왔다는 이야기도 종종 있었어요. 그래서... ",달콤한 긍정마을,blog.naver.com/1524sck,20260122
"초임계 RTG 오메가3 ( 알티지, 식물성, 순도 )",https://blog.naver.com/ckswjd10/224180033623,"초임계 RTG <b>오메가3</b> ( 알티지, 식물성, 순도 ) 초임계 RTG <b>오메가3</b> ( 알티지, 식물성, 순도 ) 초임계 RTG <b>오메가3</b> ( 알티지, 식물성, 순도 ) 본 내용은 특정 질환 및 치료 예방을 위한 의약품 정보가 아니며, 건강한... ",SHM,blog.naver.com/ckswjd10,20260211
RTG 오메가3 효능 비교 및 제품 추천,https://blog.naver.com/pawsome_chloe/224179100645,RTG <b>오메가3</b> 효능 비교 및 제품 추천 RTG <b>오메가3</b> 효능 비교 및 제품 추천 RTG <b>오메가3</b> 효능 비교 및 제품... 3) 2주쯤 지나고 나서 느낀 변화 개인적으로 가장 먼저 체감한 건 ‘아침이 덜 버겁다’는 느낌이었어요.... ,오늘의 클로이,blog.naver.com/pawsome_chloe,20260210
오메가3 비타민D 효과 부작용 섭취방법,https://blog.naver.com/jasonmoondistri/224179087114,<b>오메가3</b> 비타민D 효과 부작용 섭취방법 <b>오메가3</b> 비타민D 효과 부작용 섭취방법 <b>오메가3</b> 비타민D 효과... 3.3개월 동안 체감한 변화 솔직히 1~2주차에는 “뭔가 달라졌나?” 싶은 느낌이 거의 없었습니다. 그래서... ,"꾸준한 한걸음, 오늘보다 나은 내일을 기대합니다.",blog.naver.com/jasonmoondistri,20260210
오메가3 섭취시간 및 오메가3 효능 추천 ( ft.알티지 ),https://blog.naver.com/sw01020341/224174245758,"측면에서도 <b>오메가3</b>는 정말 많이 이야기되는 성분이었어요. 혈액 속 지방 성분, 특히 중성지질 관리와 연결돼 있어서 혈액 흐름을 부드럽게 유지하는 데 도움이 될 수 있다고 하더라고요. <b>오메가</b>-<b>3</b>... ",SWEET DELIGHT ~a.k.a. 스윗딜~,blog.naver.com/sw01020341,20260206
알티지 오메가3 가격 합리적인 제품 추천 ( ft.뉴로랩스 ),https://blog.naver.com/hangkook77/224169914321,알티지 <b>오메가3</b> 가격 합리적인 제품 추천 ( ft.뉴로랩스 ) 알티지 <b>오메가3</b> 가격 합리적인 제품 추천 ( ft.뉴로랩스 ) 알티지 <b>오메가3</b> 가격 합리적인 제품 추천 ( ft.뉴로랩스 ) 본 내용은 특정 질환 및 치료 예방을... ,Burning Heart,blog.naver.com/hangkook77,20260203
알티지 오메가3 섭취방법 및 부작용 없는 오메가3 추천,https://blog.naver.com/sooheenam/224171410182,알티지 <b>오메가3</b>를 처음 챙기기 시작했을 때 가장 걱정됐던 건 효능보다 부작용이었어요. 비린 트림이... 예전에는 <b>오메가3</b>를 아무 때나 대충 먹었어요. 그러다 보니 어떤 날은 괜찮고 어떤 날은 속이 불편했어요.... ,"⭐"" 그리움의 부동산개발 """,blog.naver.com/sooheenam,20260204
"오메가3 식물성 동물성 ( 순도85%, 초임계, RTG )",https://blog.naver.com/mungreo/224180192805,"#<b>오메가3</b>식물성동물성 #순도85%<b>오메가3</b> #초임계<b>오메가3</b> #RTG<b>오메가3</b> <b>오메가3</b> 식물성 동물성 ( 순도85%, 초임계, RTG ) <b>오메가3</b> 식물성 동물성 ( 순도85%, 초임계, RTG ) <b>오메가3</b> 식물성 동물성 ( 순도85%, 초임계, RTG )... ",MONG.REO,blog.naver.com/mungreo,20260211
식물성 RTG 오메가3 뉴로랩스 최고순도 오메가3,https://blog.naver.com/tmvlem5070/224177730962,#식물성<b>오메가3</b> #RTG<b>오메가3</b> #뉴로랩스<b>오메가3</b> #최고순도<b>오메가3</b> 식물성 RTG <b>오메가3</b> 뉴로랩스 최고순도 <b>오메가3</b> 식물성 RTG <b>오메가3</b> 뉴로랩스 최고순도 <b>오메가3</b> 식물성 RTG <b>오메가3</b> 뉴로랩스 최고순도 <b>오메가3</b> 본... ,그래도 해야지 어떻게 해,blog.naver.com/tmvlem5070,20260210
알티지오메가3가격 비교 제품 섭취 후기,https://blog.naver.com/kimhsky/224182296943,알티지<b>오메가3</b>가격을 비교하며 알게 된 건데 보통은 적어도 3~4주 정도는 꾸준히 먹어야 달라짐을 체감할 수 있다고들 하더라고요. 실제로 첫 일주일은 저는 솔직히 어떠한 변화도 감지하지 못했습니다. '단지... ,금당 이야기,blog.naver.com/kimhsky,20260213
오메가3 비타민D 효능 복용법 섭취시간까지,https://blog.naver.com/mallangjuice/224182056508,"3. 제품을 선택할 때의 구체적인 기준 <b>오메가3</b> 비타민D 제품을 고를 때는 단순한 조합이 아니라, 각각의 성분 기준이 명확한지를 우선적으로 확인했습니다. 수치와 공정, 그리고 불필요한 첨가물 여부까지... ",마마말랑의 뷰티 패션 블로그,blog.naver.com/mallangjuice,20260213
임산부 식물성 오메가3 효능 섭취 후기,https://blog.naver.com/wansojun/224177395781,3. 저의 섭취 방법과 주의한 부분 저는 아침 식사 직후에 임산부 식물성 <b>오메가3</b>를 먹는 걸로 정했어요. 처음엔 공복에 먹어봤는데 속이 좀 불편하더라고요. 그래서 밥 먹고 나서 바로 먹는 게 제 몸엔 잘... ,준또의 오늘 하루,blog.naver.com/wansojun,20260209
식물성 RTG 오메가3 메디트리 미세조류 오메가3 추천,https://blog.naver.com/m_l_93/224163930353,영양제 챙겨 먹는 거 좋지만 그중에서도 <b>오메가3</b>는 꼭 챙기는 게 좋다는 말이요. 제 주변 지인들은 거의... 그래서 <b>오메가3</b>에 대해 다시 관심이 가기 시작한 거죠. 처음에는 <b>오메가3</b>에 대해서 잘 모르다 보니까... ,메롱 같은 블로그,blog.naver.com/m_l_93,20260129
"오메가3 효능 및 추천 순위 및 ( 초임계, 식물성, 알티지 )",https://blog.naver.com/s126416/224165826478,"<b>오메가3</b> 효능 및 추천 순위 및 ( 초임계, 식물성, 알티지 ) #<b>오메가3</b>효능 #<b>오메가3</b>추천 #<b>오메가3</b>순위 #초임계<b>오메가3</b> #식물성<b>오메가3</b> #알티지<b>오메가3</b> <b>오메가3</b> 효능 및 추천 순위 및 ( 초임계, 식물성, 알티지 )... ",후라이캠핑블로그,blog.naver.com/s126416,20260130
RTG 오메가3 효능 DHA ( 순도5% ) 비건 오메가3,https://blog.naver.com/1524sck/224154858631,"그때 문득 떠오른 게 <b>오메가3</b> 였어요. 사실 <b>오메가3</b>는 예전에도 몇 번 먹어봤거든요. 주변에서 다들 먹으니까요. 그런데 솔직히 말하면 끝까지 먹어본 적은 별로 없어요. 비린내 올라오고, 트림 올라오고, 속... ",달콤한 긍정마을,blog.naver.com/1524sck,20260121
"알티지 오메가3 가격 ( 식물성, 초임계, 오메가3 )",https://blog.naver.com/mm0107733/224181559287,"알티지 <b>오메가3</b> 가격 ( 식물성, 초임계, <b>오메가3</b> ) 알티지 <b>오메가3</b> 가격 ( 식물성, 초임계, <b>오메가3</b> ) 알티지 <b>오메가3</b> 가격 ( 식물성, 초임계, <b>오메가3</b> ) 본 내용은 특정 질환 및 치료 예방을 위한 의약품 정보가... ",#하이진이와광비나들이~,blog.naver.com/mm0107733,20260212
식물성 RTG 오메가3 섭취량 먹는시간 추천,https://blog.naver.com/dbsgmlx/224172944555,식물성 RTG <b>오메가3</b> 섭취량 먹는시간 추천 식물성 RTG <b>오메가3</b> 섭취량 먹는시간 추천 식물성 RTG <b>오메가3</b> 섭취량 먹는시간 추천 식물성 RTG <b>오메가3</b> 섭취량 먹는시간 추천 나이가 들수록 느껴지는 변화와 관리의... ,구니의 블로그,blog.naver.com/dbsgmlx,20260205
"알티지 오메가3 하루섭취량 및 섭취시간 ( 공복, 식후 )",https://blog.naver.com/sw01020341/224182771022,"알티지 <b>오메가3</b> 하루섭취량 및 섭취시간 ( 공복, 식후 ) 알티지 <b>오메가3</b> 하루섭취량 및 섭취시간 ( 공복, 식후 ) 알티지 <b>오메가3</b> 하루섭취량 및 섭취시간 ( 공복, 식후 ) 알티지 <b>오메가3</b>를 처음 챙기기 시작했을 때... ",SWEET DELIGHT ~a.k.a. 스윗딜~,blog.naver.com/sw01020341,20260213
RTG 오메가3 효능 추천 및 비교 이유,https://blog.naver.com/smekdbs/224180479325,"RTG <b>오메가3</b> 효능 추천 및 비교 이유 RTG <b>오메가3</b>에 관심이 생긴 계기 안녕하세요 벨라킹 입니다 :) 새해가... 예전에는 알람을 3~4개나 맞춰도 일어나기가 너무 힘들어서 한참을 뒤척이곤 했는데, 요즘은 알람이 한... ",벨라킹,blog.naver.com/smekdbs,20260211
"오메가3 복용시간 및 먹는시간 ( 알티지, 식물성, 비건 )",https://blog.naver.com/sooheenam/224174048627,"그때까지만 해도 혈액순환이랑 <b>오메가3</b> 복용시간이 이렇게 중요할 거라고는 전혀 몰랐다. 그냥 <b>오메가3</b>는 먹으면 좋은 거, 아무 때나 하나 먹으면 되는 거 그 정도 인식이었다. 문제는 먹고 있었는데도 아무... ","⭐"" 그리움의 부동산개발 """,blog.naver.com/sooheenam,20260206
임산부 오메가3 복용시기 언제까지? 내가 놓쳤던 식물성 DHA... ,https://blog.naver.com/modern6ah/224175906818,임산부 <b>오메가3</b> 복용시기 언제까지? 내가 놓쳤던 식물성 DHA 맘스포뮬러 아이를 기다리는 임신... ^ ^ 그중에서도 특히 엄마들이 가장 헷갈려 하는 게 임산부 <b>오메가3</b> 복용시기와 언제까지 먹으면... ,오늘의 살림과 육아,blog.naver.com/modern6ah,20260208
호주오메가3 인기 많은 이유 효과 고르는 방법,https://blog.naver.com/kies0002/224180417374,호주<b>오메가3</b> 장단점 2- 혈관 관리를 위한 성분 3- 혈관 건강을 위한 나의 생활 변화 4- 마무리 1- 호주<b>오메가3</b> 장단점 호주는 원료의 신선도 기준이 매우 까다롭고 청정 해역의 소형 어류를 주로 사용한다는... ,아가들의 세상,blog.naver.com/kies0002,20260212
오메가3 고르는법 셀리티 오메가3 효과,https://blog.naver.com/kimhsky/224173188638,<b>오메가3</b>는 혈행 관리부터 눈 건강까지 다양한 이유로 현대인에게 빠질 수 없는 영양소이다 하지만 생각보다 종류도 많고 어떤 제품이 좋은 건지 구분하기 어렵다 그래서 이번 글에선 <b>오메가3</b>가 무엇인지... ,금당 이야기,blog.naver.com/kimhsky,20260205
RTG 오메가3 뉴로랩스 오메가3 선택 이유,https://blog.naver.com/ojh3529/224163915074,RTG <b>오메가3</b> 뉴로랩스 <b>오메가3</b> 선택 이유 RTG <b>오메가3</b> 뉴로랩스 <b>오메가3</b> 선택 이유 RTG <b>오메가3</b> 뉴로랩스 <b>오메가3</b> 선택 이유 <b>오메가3</b>를 고르기까지 생각보다 시간이 많이 걸렸어요. 먹어야 한다는 건 알고... ,선인맨의 캠프사이트,blog.naver.com/ojh3529,20260129
알티지오메가3 분석 섭취 비교 정리,https://blog.naver.com/jasonmoondistri/224179028276,3.알티지<b>오메가3</b> 제품을 고를 때 세운 기준들 처음엔 브랜드 위주로 봤습니다. 유명 연예인이 광고하는 제품이 당연히 좋겠거니 했거든요. 그런데 가격은 엄청 비싼데 비슷한 구성의 제품이 여기저기... ,"꾸준한 한걸음, 오늘보다 나은 내일을 기대합니다.",blog.naver.com/jasonmoondistri,20260210
초임계RTG오메가3 제품 추천,https://blog.naver.com/wansojun/224173044057,3. 선택 과정에서 따로 정리해봤던 기준 이번에는 예전처럼 막연히 고르지 않기 위해 나름대로 기준을 먼저 정리했습니다. 가장 먼저 살펴본 건 흡수 형태였습니다. <b>오메가3</b>는 지방 성분이기 때문에 체내에서... ,준또의 오늘 하루,blog.naver.com/wansojun,20260205
식물성 알티지 오메가3 추천 및 효능 순도 중요성 정리,https://blog.naver.com/sooheenam/224170031886,식물성 알티지 <b>오메가3</b> 추천 및 효능 순도 중요성 정리 식물성 알티지 <b>오메가3</b> 추천 및 효능 순도 중요성 정리 식물성 알티지 <b>오메가3</b> 추천 및 효능 순도 중요성 정리 <b>오메가3</b>를 챙겨 먹어야겠다고 마음먹은... ,"⭐"" 그리움의 부동산개발 """,blog.naver.com/sooheenam,20260203
초임계 RTG오메가3 섭취방법 및 선택기준 정리,https://blog.naver.com/kimhsky/224179750785,겁니다 3. EPA+DHA함량 초임계RTG<b>오메가3</b>의 핵심 기능 성분은 EPA와 DHA입니다 총 <b>오메가3</b> 함량보다 EPA+DHA가 실제로 얼마나 들어 있는지가 효과를 판단하는 기준이 되는 것입니다 함량이 낮으면 캡슐 수만 늘어나고... ,금당 이야기,blog.naver.com/kimhsky,20260211
뉴로랩스 식물성 RTG 오메가3 고순도 후기,https://blog.naver.com/sooheenam/224147573732,<b>오메가3</b> 재선택 계기 <b>오메가3</b>를 다시 선택하게 된 계기는 건강 관리 방향이 달라졌기 때문이다. 예전에는 특별한 증상이 없으면 굳이 챙기지 않아도 된다고 생각했다. 하지만 나이가 들수록 아침에 몸이... ,"⭐"" 그리움의 부동산개발 """,blog.naver.com/sooheenam,20260115
초임계 알티지 오메가3추천 섭취방법 선택한 후기,https://blog.naver.com/bcd314/224182451765,3. 내가 선택한 래디웰 초임계 알티지 <b>오메가3</b> 사실 여러 제품들이 많이 있었지만 저는 그중에서도 래디웰의 초임계 알티지 <b>오메가3</b>를 선택했는데요. 흡수율이 높은 rTG형을 사용했고요. 초임계 추출 공법을... ,Good IN Bad OUT,blog.naver.com/bcd314,20260213
임산부 식물성 오메가3 뉴로랩스 순도85% 추천,https://blog.naver.com/sw01020341/224180141824,임산부 식물성 <b>오메가3</b> 뉴로랩스 순도85% 추천 임산부 식물성 <b>오메가3</b> 뉴로랩스 순도85% 추천 임산부 식물성 <b>오메가3</b> 뉴로랩스 순도85% 추천 본 내용은 특정 질환 및 치료 예방을 위한 의약품 정보가 아니며... ,SWEET DELIGHT ~a.k.a. 스윗딜~,blog.naver.com/sw01020341,20260211
오메가3 비타민D 효과 부작용 섭취방법 및 시간 정리,https://blog.naver.com/liebecafe/224180440749,3. 3개월 후 달라진 컨디션 기록 <b>오메가3</b> 비타민D를 꾸준히 섭취한 지 세 달이 지나면서 몸 상태가 안정됐다는 느낌을 받았습니다. 첫 달에는 혈압 수치가 조금씩 내려갔고 피로 회복 속도도 빨라졌어요. 두... ,The Ashley House,blog.naver.com/liebecafe,20260212
임산부 식물성 오메가3 순도 85% 선택해야 하는 이유,https://blog.naver.com/saker000/224174244154,"특히 <b>오메가3</b>는 주변에서 꼭 먹으라고 해서 더 고민이 깊어졌어요. 처음엔 임산부 <b>오메가3</b>라면 다 비슷하겠지 싶었어요. 그런데 조금만 찾아봐도 원료, 형태, 순도가 전부 다르다는 걸 알게 됐어요. 그때부터... ",saker000님의 블로그,blog.naver.com/saker000,20260206
"오메가3 식물성 동물성 ( 알티지, 초임계 )",https://blog.naver.com/sooheenam/224177273990,"<b>오메가3</b> 식물성 동물성 ( 알티지, 초임계 ) <b>오메가3</b> 식물성 동물성 ( 알티지, 초임계 ) <b>오메가3</b> 식물성 동물성 ( 알티지, 초임계 ) 예전에는 혈행이라는 단어가 딱히 와닿지 않았어요. 그냥 부모님 세대 이야기... ","⭐"" 그리움의 부동산개발 """,blog.naver.com/sooheenam,20260209
"초임계 RTG 오메가3 뉴로랩스 ( 식물성, 알티지 )",https://blog.naver.com/sooheenam/224151880652,그래서 내가 정리한 <b>오메가3</b> 선택 기준은 딱 3가지였다. 1) rTG 형태 → 흡수 구조가 몸에 맞는가 2) 식물성 DHA → 중금속 부담을 최소화했는가 3) 초임계 추출 → 불필요한 잔류와 손상을 줄였는가 이 3가지 기준을... ,"⭐"" 그리움의 부동산개발 """,blog.naver.com/sooheenam,20260119
아기오메가3 어린이 오메가3 선택 기준 정리,https://blog.naver.com/jinju300life/224181111115,저도 처음엔 아기<b>오메가3</b> 하나 고르는 게 왜 이렇게 어려운지 고민 많이 했어요. 주변에서도 어린이 <b>오메가3</b> 챙긴다는 얘기 자주 듣게 되고요. 그래서 오늘은 아기<b>오메가3</b> 선택 기준을 차분하게 정리해볼게요.... ,생각근육 쑥쑥 자라는 놀이육아,blog.naver.com/jinju300life,20260212
"오메가3 복용시간 및 섭취시간 ( 식물성, 알티지 )",https://blog.naver.com/tmvlem5070/224169418377,"#<b>오메가3</b> #오메가복용시간 #오메가섭취시간 #식물성<b>오메가3</b> #알티지<b>오메가3</b> 본 내용은 특정 질환 및 치료 예방을 위한 의약품 정보가 아니며, 건강한 생활을 위한 일반적인 건강기능식품 정보입니다. <b>오메가3</b>를... ",그래도 해야지 어떻게 해,blog.naver.com/tmvlem5070,20260203
식물성 오메가3 추천 뉴로랩스 알티지 오메가3,https://blog.naver.com/ie_jima/224148806099,<b>오메가3</b>는 열과 산화에 민감하다는 말이 계속 마음에 걸렸다. 식단만으로 해결하려던 접근은 현실적으로 오래가기 어려웠다. 제품 선택이 필요했던 이유 그래서 <b>오메가3</b> 제품을 보기 시작했다. 종류가 너무 많아... ,세여자 모시고 살기,blog.naver.com/ie_jima,20260116
오메가3 비타민D 섭취시간 및 고르는방법 정리,https://blog.naver.com/smekdbs/224173152219,안녕하세요 벨라킹 입니다 : ) 건강을 챙기겠다고 마음을 먹으면 가장 먼저 떠오르는 영양제는 <b>오메가3</b>... 글에선 <b>오메가3</b>비타민 D를 왜 함께 챙기는지 언제 먹는 게 내 생활에 가장 잘 맞는지를 기준으로... ,벨라킹,blog.naver.com/smekdbs,20260205
RTG 오메가3 식물성 초임계 뉴로랩스 고른 이유,https://blog.naver.com/tmvlem5070/224167927985,#RTG<b>오메가3</b> #식물성RTG<b>오메가3</b> #초임계RTG<b>오메가3</b> #뉴로랩스RTG<b>오메가3</b> RTG <b>오메가3</b> 식물성 초임계 뉴로랩스 고른 이유 RTG <b>오메가3</b> 식물성 초임계 뉴로랩스 고른 이유 RTG <b>오메가3</b> 식물성 초임계 뉴로랩스 고른... ,그래도 해야지 어떻게 해,blog.naver.com/tmvlem5070,20260202
임산부 식물성 오메가3 순도 85% 차이점이 뭘까?,https://blog.naver.com/tmvlem5070/224155160399,"#임산부식물성<b>오메가3</b> #임산부<b>오메가3</b> #<b>오메가3</b>순도 #<b>오메가3</b>순도85 본 내용은 특정 질환 및 치료 예방을 위한 의약품 정보가 아니며, 건강한 생활을 위한 일반적인 건강기능식품 정보입니다. 임신 후 달라진... ",그래도 해야지 어떻게 해,blog.naver.com/tmvlem5070,20260122
식물성 RTG 오메가3 프리미엄 셀리티 오메가3 후기,https://blog.naver.com/abr0402/224181812360,식물성 RTG <b>오메가3</b> 프리미엄 셀리티 <b>오메가3</b> 후기 식물성 RTG <b>오메가3</b> 프리미엄 셀리티 <b>오메가3</b> 후기 식물성 RTG <b>오메가3</b> 프리미엄 셀리티 <b>오메가3</b> 후기 최근에는 제가 직접 이전과는 달리 몸 상태가 좋지 않다는... ,GO,blog.naver.com/abr0402,20260212
알티지 오메가3 추천 ( 뉴로랩스 순도85% 추천 ),https://blog.naver.com/mungreo/224147890972,"#알티지<b>오메가3</b> #<b>오메가3</b>추천 #뉴로랩스<b>오메가3</b> #순도85%<b>오메가3</b> #<b>오메가3</b>추천 본 내용은 특정 질환 및 치료 예방을 위한 의약품 정보가 아니며, 건강한 생활을 위한 일반적인 건강기능식품 정보입니다. 어느... ",MONG.REO,blog.naver.com/mungreo,20260115
고약사오메가3 추천 효능 고르는 방법까지,https://blog.naver.com/minmm86415/224178480956,"따라서 이런 위험성을 줄인 초임계 저온 추출 <b>오메가3</b>로 선택해야 한다. 3. 함께 보충해야 하는 홍국, 코큐텐 <b>오메가3</b>는 중성지방 대사에 주로 관여한다. 하지만 LDL 콜레스테롤 역시 혈관 건강을... ",다시육아,blog.naver.com/minmm86415,20260210
오메가3 비타민D 효과 부작용 섭취방법 총정리,https://blog.naver.com/minmm86415/224182752459,<b>오메가3</b> 비타민D 효과 부작용 섭취방법 총정리 <b>오메가3</b> 비타민D 효과 부작용 섭취방법 총정리 &lt;목차&gt; 1. 혈압 신호를 느끼고 루틴을 고민한 계기 2. 부담 없이 유지한 섭취 방식 3. 3개월 기록에서 보인 변화 흐름 4.... ,다시육아,blog.naver.com/minmm86415,20260213
초임계 RTG 오메가3 확인 전 고르는방법,https://blog.naver.com/smekdbs/224177831821,초임계 RTG <b>오메가3</b> 확인 전 고르는방법 초임계 RTG <b>오메가3</b> 확인 전 고르는방법 초임계 RTG <b>오메가3</b> 확인 전 고르는방법 안녕하세요 벨라킹 입니다 : ) 여러번 소개를 했었는데요! 진짜 많은 분들께서 관심이... ,벨라킹,blog.naver.com/smekdbs,20260209
오메가3 흡수율 높고 비건 인증받은 쁘띠앤 국민 오메가3,https://blog.naver.com/bf2327/224180572548,안녕하세요 육아맘 봄블리에요 임신 전부터 출산 후 그리고 지금까지도 꾸준히 챙겨 먹고 있는 영양제가 있다면 바로 <b>오메가3</b> 그중에서도 제가 선택해서 계속 먹고 있는 제품은 바로 쁘띠앤 국민 <b>오메가3</b>... ,러블리한봄블리❤️,blog.naver.com/bf2327,20260211
오메가3 식물성 vs 동물성 부작용 선택기준,https://blog.naver.com/m_l_93/224165548956,과거의 1세대 TG형이나 2세대 EE형의 단점을 보완한 rTG 오메가는 불순물과 포화지방산을 줄여 순도가 높고 생체 이용률이 뛰어난 것이 특징입니다. 많은 분이 <b>오메가3</b>를 먹어도 별다른 효과를 못 느낀다고... ,메롱 같은 블로그,blog.naver.com/m_l_93,20260130
식물성 오메가3추천 RTG 비교 선택 기준,https://blog.naver.com/wansojun/224182649642,왜 식물성 <b>오메가3</b>인가? (미세조류의 중요성) 3. 무용매 추출 공정과 품질 기준 4. 실제 6주 복용 후 느낀 변화와 후기 5. 식물성 <b>오메가3</b> 추천 대상 및 정리 1. TG · EE · RTG 형태 비교와 선택 이유 <b>오메가3</b>추천에... ,준또의 오늘 하루,blog.naver.com/wansojun,20260213
약국 오메가3 추천 순도 80%(ft. 셀리티 RTG 오메가3),https://blog.naver.com/kimhsky/224170496621,우여곡절 일이 많았지만 4개월 안에 수치를 정상화할 수 있었어요 <b>오메가3</b> 하나만의 영향이라고 생각 안 하고 싶지만 아빠가 챙겨먹기 전과 후의 결과가 다르니 오메가에 의지하게 됐던 거 같아요 콜레스테롤... ,금당 이야기,blog.naver.com/kimhsky,20260203
"임산부 식물성 오메가3 ( 초임계, 알티지, 식물성RTG )",https://blog.naver.com/s126416/224168849629,"임산부 식물성 <b>오메가3</b> ( 초임계, 알티지, 식물성RTG ) #임산부영양제 #임산부식물성<b>오메가3</b> #초임계<b>오메가3</b> #알티지<b>오메가3</b> #식물성<b>오메가3</b> 본 내용은 특정 질환 및 치료 예방을 위한 의약품 정보가 아니며... ",후라이캠핑블로그,blog.naver.com/s126416,20260202
오메가3비타민D 복용법 섭취시간 고르는 기준 총정리,https://blog.naver.com/1004eihwa/224156147058,건강을 챙기겠다고 생각하면 바로 떠오르는 영양제는 <b>오메가3</b>와 비타민D이다 그런데 막상 먹으려고... 글에선 <b>오메가3</b>비타민 D를 왜 같이 먹는지 언제 먹는 게 내 생활에 잘 맞을지를 기준으로 정리해봤다... ,새콤달콤 새달이네,blog.naver.com/1004eihwa,20260122
RTG오메가3 비교 제품 효능 추천 및 고르는 방법,https://blog.naver.com/jasonmoondistri/224156225525,있습니다 3.염증 반응 조절과 전반적인 컨디션 관리에 관여한다 RTG<b>오메가3</b>는 몸속에서 과도하게 활성화된 염증 반응을 완만하게 조절하는 역할을 합니다 이 과정이 누적되면 몸이 쉽게 무거워지거나... ,"꾸준한 한걸음, 오늘보다 나은 내일을 기대합니다.",blog.naver.com/jasonmoondistri,20260123
"콜레스테롤 영양제 추천 및 오메가3 ( 홍국, 복용시간 )",https://blog.naver.com/gwf21/224153338607,<b>오메가3</b>를 다시 보게 된 기준 그 과정에서 <b>오메가3</b>가 다시 눈에 들어왔어요. 예전에는 혈행 관리용으로만 생각했는데 콜레스테롤과도 연결해서 보게 되더라고요. 특히 식사와 함께 먹으면 부담이 덜하다는 점이... ,❤️MIN’s 의 다락방❤️,blog.naver.com/gwf21,20260120
"임신준비 오메가3 추천 ( 효능, 식물성, 순도85% )",https://blog.naver.com/tmvlem5070/224161865570,"#임신준비 #임산부<b>오메가3</b> #<b>오메가3</b>추천 #<b>오메가3</b>효능 #식물성<b>오메가3</b> #순도85%<b>오메가3</b> 본 내용은 특정 질환 및 치료 예방을 위한 의약품 정보가 아니며, 건강한 생활을 위한 일반적인 건강기능식품 정보입니다.... ",그래도 해야지 어떻게 해,blog.naver.com/tmvlem5070,20260128
알티지 오메가3 부작용과 초임계 알티지 오메가3 추천,https://blog.naver.com/ojh3529/224172772244,알티지 <b>오메가3</b> 부작용과 초임계 알티지 <b>오메가3</b> 추천 알티지 <b>오메가3</b> 부작용과 초임계 알티지 <b>오메가3</b> 추천 알티지 <b>오메가3</b> 부작용과 초임계 알티지 <b>오메가3</b> 추천 본 내용은 특정 질환 및 치료 예방을 위한... ,선인맨의 캠프사이트,blog.naver.com/ojh3529,20260205
임산부 식물성 오메가3 언제까지 복용할까?,https://blog.naver.com/1524sck/224162601393,임산부 식물성 <b>오메가3</b> 언제까지 복용할까? 임산부 식물성 <b>오메가3</b> 언제까지 복용할까? 임산부 식물성 <b>오메가3</b> 언제까지 복용할까? 소정의 원고료를 제공받아 작성하였습니다. 본 내용은 특정 질환 및 치료... ,달콤한 긍정마을,blog.naver.com/1524sck,20260128
엔젯오리진 아쿠아셀 알티지 오메가3,https://blog.naver.com/joodiary/224180534516,적용 ☑️국제<b>오메가</b>-<b>3</b>*규격 GOED회원사 GOED 란? GOED(The Global Organization for EPA &amp; DHA omega-3s)는 전세계 유통되는 <b>오메가3</b>* 제품의 품질 관리를 위해 만들어진 기구로 품질 평가시 엄격한 기준을 적용... ,방랑일기,blog.naver.com/joodiary,20260211
오메가3 추천 알티지 오메가3 제품 선택 기준,https://blog.naver.com/ie_jima/224148922671,그래서 이것저것 검색하다가 <b>오메가3</b> 추천 글이 많아 관심을 가지고 알아보게 됐어요. 『<b>오메가3</b>... (화학첨가물 최소화 원칙도 굿) 가성비 좋은 3+1 세트로 구매해서 뿌듯함은 덤이었는데요. 저녁 먹고 매일... ,세여자 모시고 살기,blog.naver.com/ie_jima,20260116
초임계 RTG 오메가3 구매 시 선택방법,https://blog.naver.com/dbsgmlx/224179745198,TG형 자연 상태의 오메가 형태로 식품에 들어 있는 구조이며 흡수는 잘 되지만 순도가 낮다는 특징이... 3. 100% 식물성 미세조류 원료의 차별점 <b>오메가3</b>의 원료가 어디서 왔는지도 선택의 중요한 기준이... ,구니의 블로그,blog.naver.com/dbsgmlx,20260211
메디온셀 씹어먹는 온가족 오메가3츄어블 980 건강관리,https://blog.naver.com/rudtnsl1/224180521186,관심 있게 살펴보시면 좋을 것 같아요 #<b>오메가3</b>츄어블 #알티지<b>오메가3</b> #<b>오메가3</b>추천 #키즈<b>오메가3</b> #어린이<b>오메가3</b> #온가족<b>오메가3</b> #RTG<b>오메가3</b> #오메가쓰리 #씹어먹는<b>오메가3</b> #츄어블<b>오메가3</b> #메디온셀,해피 해피,blog.naver.com/rudtnsl1,20260212
초임계 알티지 오메가3 효능 및 식물성 RTG 추천,https://blog.naver.com/s126416/224179136424,초임계 알티지 <b>오메가3</b> 효능 및 식물성 RTG 추천 #초임계<b>오메가3</b> #알티지<b>오메가3</b> #<b>오메가3</b>효능 #식물성<b>오메가3</b> #RTG<b>오메가3</b> 초임계 알티지 <b>오메가3</b> 효능 및 식물성 RTG 추천 초임계 알티지 <b>오메가3</b> 효능 및 식물성 RTG... ,후라이캠핑블로그,blog.naver.com/s126416,20260210
오메가3 추천 알티지 오메가 관리 후기,https://blog.naver.com/1004eihwa/224157459735,형태의 <b>오메가</b>‑<b>3</b> 제품이 일반 TG 형태보다 EPA 및 DHA가 적혈구와 혈청 지질에 더 많이 통합되었다고 한다. <b>오메가3</b>추천과 더불어 함께 먹으면 시너지를 줄 만한 것들도 있었다. ● 홍국... ,새콤달콤 새달이네,blog.naver.com/1004eihwa,20260124
"임산부 식물성 오메가3 추천 ( 식물성, 동물성, 순도85% )",https://blog.naver.com/hangkook77/224172941126,"임산부 식물성 <b>오메가3</b> 추천 ( 식물성, 동물성, 순도85% ) 임산부 식물성 <b>오메가3</b> 추천 ( 식물성, 동물성, 순도85% ) 임산부 식물성 <b>오메가3</b> 추천 ( 식물성, 동물성, 순도85% ) 임신을 하고 나서 먹는 것 하나하나가... ",Burning Heart,blog.naver.com/hangkook77,20260205
임산부 영양제 약국 선물 식물성오메가3 추천,https://blog.naver.com/bangsil47/224179945964,"<b>오메가3</b> ⬜ 약국 700곳 입점 돌파한 프리솔라 브랜드 ⬜ 2025년 식품의약품안전처장상 수상 브랜드 ⬜ 임산부 상담 전문약사의 1:1 약사상담 서비스 임신 준비할 때, 임신하고 나서 제일 중요한 게 바로 <b>오메가3</b>라... ",방실로그,blog.naver.com/bangsil47,20260211
알티지오메가3가격 정리 26년 설 + 세일 오메가스타,https://blog.naver.com/morningstar7/224149205965,▼▼ 가격 확인 하세요 ▼▼ • 2026 설 + 세일 가격 보기 • #알티지<b>오메가3</b> #오메가스타 #<b>오메가3</b>세일 #설세일 #건강기능식품 #<b>오메가3</b>가격 #rTG<b>오메가3</b> #장용성캡슐 #비린내없음 #<b>오메가3</b>추천 #건강보조제... ,고양이집사 채연맘,blog.naver.com/morningstar7,20260116
