title,link,image,lprice,hprice,mallName,productId,productType,brand,maker,category1,category2,category3,category4
더리얼 캐나다 알티지 rTG 오메가3 맥스 1400 초임계 2개월 EPA DHA,https://smartstore.naver.com/main/products/741820195,https://shopping-phinf.pstatic.net/main_1143994/11439949685.45.jpg,29900,,The Real,11439949685,2,더리얼,비타네추럴스,식품,건강식품,영양제,오메가3
"순수식품 rTG 알티지 오메가3 1008mg x 60캡슐, 1개",https://search.shopping.naver.com/catalog/51929251274,https://shopping-phinf.pstatic.net/main_5192925/51929251274.20251121133101.jpg,10490,,네이버,51929251274,1,순수식품,동서바이오팜,식품,건강식품,영양제,오메가3
"[6개월] 바디닥터스 초임계 알티지(rTG) 오메가3 프리미엄 30캡슐, 6개",https://smartstore.naver.com/main/products/8551166869,https://shopping-phinf.pstatic.net/main_8609566/86095667192.8.jpg,32400,,바디닥터스 공식스토어,86095667192,3,바디닥터스,콜마비앤에이치,식품,건강식품,영양제,오메가3
"바디닥터스 초임계 알티지 오메가3 프리미엄 1010mg x 30캡슐, 6개",https://search.shopping.naver.com/catalog/58256760044,https://shopping-phinf.pstatic.net/main_5825676/58256760044.20260203094007.jpg,32400,,네이버,58256760044,1,바디닥터스,콜마비앤에이치,식품,건강식품,영양제,오메가3
"뉴트리디데이 rTG 알티지 오메가3 골드 1004mg x 90캡슐, 1개",https://search.shopping.naver.com/catalog/51929477609,https://shopping-phinf.pstatic.net/main_5192947/51929477609.20241213220828.jpg,17890,,네이버,51929477609,1,뉴트리디데이,케이지앤에프,식품,건강식품,영양제,오메가3
"블랙모어스 오더리스 피쉬오일 미니캡슐 510mg x 80캡슐, 3개",https://search.shopping.naver.com/catalog/51929511151,https://shopping-phinf.pstatic.net/main_5192951/51929511151.20241213221010.jpg,40910,,네이버,51929511151,1,블랙모어스,블랙모어스,식품,건강식품,영양제,오메가3
캐나다 초임계 알티지오메가3 EPA DHA 1200 비타민D 2개월분,https://smartstore.naver.com/main/products/4854494954,https://shopping-phinf.pstatic.net/main_8239901/82399018253.8.jpg,29900,,힐리오비타,82399018253,2,,VIVA PHARMACEUTICAL,식품,건강식품,영양제,오메가3
종근당 프로메가 알티지오메가3 비타민D 6박스 6개월분,https://smartstore.naver.com/main/products/7524822409,https://shopping-phinf.pstatic.net/main_8506932/85069322731.5.jpg,45700,,제트큐브,85069322731,2,프로메가,종근당건강,식품,건강식품,영양제,오메가3
"스포츠리서치 트리플 스트렝스 피쉬 오일 90정, 1개",https://search.shopping.naver.com/catalog/53547120084,https://shopping-phinf.pstatic.net/main_5354712/53547120084.20250314113634.jpg,30200,,네이버,53547120084,1,스포츠리서치,스포츠리서치,식품,건강식품,영양제,오메가3
"닥터린 초임계 알티지 오메가3 1025mg x 30캡슐, 5개",https://search.shopping.naver.com/catalog/51929307122,https://shopping-phinf.pstatic.net/main_5192930/51929307122.20241213211602.jpg,39150,,네이버,51929307122,1,닥터린,노바렉스,식품,건강식품,영양제,오메가3
"닥터파이토 식물성 알티지 오메가3 500mg x 60캡슐, 4개",https://search.shopping.naver.com/catalog/51929316883,https://shopping-phinf.pstatic.net/main_5192931/51929316883.20241213211404.jpg,118550,,네이버,51929316883,1,닥터파이토,위랩,식품,건강식품,영양제,오메가3
종근당 프로메가 알티지 오메가3 30캡슐,https://smartstore.naver.com/main/products/9842952619,https://shopping-phinf.pstatic.net/main_8738745/87387454892.1.jpg,5340,,코스트물류,87387454892,2,프로메가,종근당건강,식품,건강식품,영양제,오메가3
뉴네이처 캐나다 미세조류 식물성 rtg 알티지 오메가3 721mg x 60캡슐,https://smartstore.naver.com/main/products/3344262723,https://shopping-phinf.pstatic.net/main_8087437/80874373655.2.jpg,26500,,뉴네이처,80874373655,2,뉴네이처,비타네추럴스,식품,건강식품,영양제,오메가3
"디오메가3 390mg x 60캡슐, 1개",https://search.shopping.naver.com/catalog/58712120832,https://shopping-phinf.pstatic.net/main_5871212/58712120832.20260129162844.jpg,18800,,네이버,58712120832,1,,콜마비앤에이치,식품,건강식품,영양제,오메가3
"프로메가 알티지 오메가3 듀얼 520mg x 60캡슐, 5개",https://search.shopping.naver.com/catalog/51929497774,https://shopping-phinf.pstatic.net/main_5192949/51929497774.20241213220239.jpg,48340,,네이버,51929497774,1,프로메가,서흥,식품,건강식품,영양제,오메가3
"고려은단 식물성 퓨어 알티지 오메가3 기억력+ 600mg x 60캡슐, 3개",https://search.shopping.naver.com/catalog/51929512155,https://shopping-phinf.pstatic.net/main_5192951/51929512155.20250721175833.jpg,42890,,네이버,51929512155,1,고려은단,서흥,식품,건강식품,영양제,오메가3
"헤라클레스 엑스퍼트 오메가3 1382mg x 30캡슐, 4개",https://search.shopping.naver.com/catalog/51929271658,https://shopping-phinf.pstatic.net/main_5192927/51929271658.20250714110320.jpg,79800,,네이버,51929271658,1,헤라클레스,콜마비앤에이치,식품,건강식품,영양제,오메가3
"노르웨이 헤링오일 100 북유럽 오메가11 세토3 30캡슐, 3개",https://smartstore.naver.com/main/products/12600733076,https://shopping-phinf.pstatic.net/main_9014524/90145243932.4.jpg,66340,,프롬바이오,90145243932,2,프롬바이오,,식품,건강식품,영양제,오메가3
"담백하루 초임계 알티지 오메가 에센스 1000 1255mg x 30캡슐, 6개",https://search.shopping.naver.com/catalog/51929369822,https://shopping-phinf.pstatic.net/main_5192936/51929369822.20251111104223.jpg,99500,,네이버,51929369822,1,담백하루,알피바이오,식품,건강식품,영양제,오메가3
"내츄럴플러스 알티지 오메가3 1200 1301.2mg x 180캡슐, 1개",https://search.shopping.naver.com/catalog/51929219760,https://shopping-phinf.pstatic.net/main_5192921/51929219760.20241213205020.jpg,44900,,네이버,51929219760,1,내츄럴플러스,네추럴라이프뉴트리션,식품,건강식품,영양제,오메가3
종근당 프로메가 알티지오메가3 비타민D 12박스 12개월분,https://smartstore.naver.com/main/products/7445610509,https://shopping-phinf.pstatic.net/main_8499011/84990110831.2.jpg,85800,,제트큐브,84990110831,2,프로메가,종근당건강,식품,건강식품,영양제,오메가3
"고려은단 식물성 퓨어 알티지 오메가3 800mg x 60캡슐, 3개",https://search.shopping.naver.com/catalog/51929253313,https://shopping-phinf.pstatic.net/main_5192925/51929253313.20250902175625.jpg,47890,,네이버,51929253313,1,고려은단,서흥,식품,건강식품,영양제,오메가3
"종근당건강 프로메가 오메가3 트리플 654mg x 60캡슐, 2개",https://search.shopping.naver.com/catalog/51929227006,https://shopping-phinf.pstatic.net/main_5192922/51929227006.20241213205552.jpg,20240,,네이버,51929227006,1,종근당건강,서흥,식품,건강식품,영양제,오메가3
"닥터린 하이퍼셀 알티지 오메가3 1202mg x 30캡슐, 1개",https://search.shopping.naver.com/catalog/51929287799,https://shopping-phinf.pstatic.net/main_5192928/51929287799.20241213210751.jpg,10790,,네이버,51929287799,1,닥터린,노바렉스,식품,건강식품,영양제,오메가3
"GNM자연의품격 rTG 알티지 오메가3 837mg x 60캡슐, 5개",https://search.shopping.naver.com/catalog/51929497061,https://shopping-phinf.pstatic.net/main_5192949/51929497061.20241213220649.jpg,54300,,네이버,51929497061,1,GNM자연의품격,코스맥스바이오,식품,건강식품,영양제,오메가3
"[5개월] 닥터린 초임계 알티지(rTG) 오메가3 30캡슐, 5개",https://smartstore.naver.com/main/products/6449191179,https://shopping-phinf.pstatic.net/main_8399369/83993691512.16.jpg,49500,,닥터린 공식스토어,83993691512,3,닥터린,노바렉스,식품,건강식품,영양제,오메가3
"헤라클레스 오메가3 이지 60캡슐, 1개",https://smartstore.naver.com/main/products/12926048428,https://shopping-phinf.pstatic.net/main_9047055/90470559420.1.jpg,19800,,HERACLES,90470559420,2,헤라클레스,콜마비앤에이치,식품,건강식품,영양제,오메가3
"뉴트리코어 식물성 알티지 오메가3 1126mg x 30캡슐, 1개",https://search.shopping.naver.com/catalog/51929251098,https://shopping-phinf.pstatic.net/main_5192925/51929251098.20250228173056.jpg,43990,,네이버,51929251098,1,뉴트리코어,노바렉스,식품,건강식품,영양제,오메가3
"트루엔 알티지오메가3 1255mg x 100캡슐, 1개",https://search.shopping.naver.com/catalog/51929351930,https://shopping-phinf.pstatic.net/main_5192935/51929351930.20241213211848.jpg,60330,,네이버,51929351930,1,트루엔,알피바이오,식품,건강식품,영양제,오메가3
"키즈텐 키즈 알티지 오메가3 구미 3중기능성 1.9g x 30구미, 4개",https://search.shopping.naver.com/catalog/54046592438,https://shopping-phinf.pstatic.net/main_5404659/54046592438.20250408151127.jpg,84750,,네이버,54046592438,1,키즈텐,알피바이오,식품,건강식품,영양제,오메가3
종근당 프로메가 알티지오메가3 비타민D 3박스 3개월분,https://smartstore.naver.com/main/products/7524795209,https://shopping-phinf.pstatic.net/main_8506929/85069295531.6.jpg,21500,,제트큐브,85069295531,2,프로메가,종근당건강,식품,건강식품,영양제,오메가3
"블랙모어스 에이플러스 알티지 오메가3 1024mg x 90캡슐, 1개",https://search.shopping.naver.com/catalog/51929228688,https://shopping-phinf.pstatic.net/main_5192922/51929228688.20241213205224.jpg,19810,,네이버,51929228688,1,블랙모어스,,식품,건강식품,영양제,오메가3
"뉴트리모어 프리미엄 식물성 초임계 알티지 오메가3 DHA 1000 601mg x 60캡슐, 1개",https://search.shopping.naver.com/catalog/56355501325,https://shopping-phinf.pstatic.net/main_5635550/56355501325.20250820145526.jpg,38820,,네이버,56355501325,1,뉴트리모어,알피바이오,식품,건강식품,영양제,오메가3
어썸 키즈 오메가3 PLUS 임산부 어린이 rtg X3+샘플 3젤리,https://smartstore.naver.com/main/products/5131624776,https://shopping-phinf.pstatic.net/main_8267614/82676145453.13.jpg,94000,,The angel,82676145453,2,트루엔,트루엔,식품,건강식품,영양제,오메가3
"[한국공식몰] 스포츠리서치 rTG 오메가3 트리플 스트렝스 알래스카산 명태 90정, 1개",https://smartstore.naver.com/main/products/10302621010,https://shopping-phinf.pstatic.net/main_8784712/87847125024.5.jpg,45500,,블루존 스토어,87847125024,3,스포츠리서치,스포츠리서치,식품,건강식품,영양제,오메가3
"뉴트리코어 초임계 식물성 알티지 오메가3 1126mg x 150캡슐, 1개",https://search.shopping.naver.com/catalog/51929053630,https://shopping-phinf.pstatic.net/main_5192905/51929053630.20241213203234.jpg,171880,,네이버,51929053630,1,뉴트리코어,노바렉스,식품,건강식품,영양제,오메가3
"스포츠리서치 트리플 스트렝스 오메가-3 피쉬 오일 30정, 1개",https://search.shopping.naver.com/catalog/51929029174,https://shopping-phinf.pstatic.net/main_5192902/51929029174.20241213202942.jpg,21150,,네이버,51929029174,1,스포츠리서치,스포츠리서치,식품,건강식품,영양제,오메가3
"프로메가 오메가3 트리플 장용성 캡슐 654mg x 60캡슐, 6개",https://search.shopping.naver.com/catalog/51929184694,https://shopping-phinf.pstatic.net/main_5192918/51929184694.20241213204220.jpg,58500,,네이버,51929184694,1,프로메가,서흥,식품,건강식품,영양제,오메가3
포뉴 NCVD 초임계 식물성 알티지 오메가3 DHA1000 소형캡슐 60캡슐,https://smartstore.naver.com/main/products/7697633441,https://shopping-phinf.pstatic.net/main_8524213/85242133763.7.jpg,34000,,포뉴,85242133763,2,포뉴,알피바이오,식품,건강식품,영양제,오메가3
"지엠팜 야미푸 키즈 DHA 알티지 오메가3 1000mg x 90캡슐, 1개",https://search.shopping.naver.com/catalog/55024412321,https://shopping-phinf.pstatic.net/main_5502441/55024412321.20250529181921.jpg,35000,,네이버,55024412321,1,지엠팜,알피바이오,식품,건강식품,영양제,오메가3
나우푸드 울트라 오메가3 180정,https://search.shopping.naver.com/catalog/25274389524,https://shopping-phinf.pstatic.net/main_2527438/25274389524.20201218151411.jpg,24200,,네이버,25274389524,1,나우푸드,,식품,건강식품,영양제,오메가3
"알이 작아 먹기 편한 알티지 오메가3 초임계 1000mg 60캡슐, 4개",https://smartstore.naver.com/main/products/2032855376,https://shopping-phinf.pstatic.net/main_1175961/11759610730.5.jpg,83400,,퓨어원 바이오인트로,11759610730,2,,알피바이오,식품,건강식품,영양제,오메가3
"나우케어 오메가스타 1280mg x 60캡슐, 1개",https://search.shopping.naver.com/catalog/54721933770,https://shopping-phinf.pstatic.net/main_5472193/54721933770.20250512114705.jpg,45350,,네이버,54721933770,1,나우케어,콜마비앤에이치,식품,건강식품,영양제,오메가3
유유제약 NORP 퓨어 알티지 오메가3 카제로템,https://smartstore.naver.com/main/products/2020617144,https://shopping-phinf.pstatic.net/main_1171301/11713012347.14.jpg,33000,,마이 파우치,11713012347,2,유유제약,한국씨엔에스팜,식품,건강식품,영양제,오메가3
유유제약 초임계 식물성 알티지 오메가3 1000 844mg 60캡슐,https://smartstore.naver.com/main/products/6111336021,https://shopping-phinf.pstatic.net/main_8365583/83655835509.7.jpg,36000,,마이 파우치,83655835509,2,유유제약,노바렉스,식품,건강식품,영양제,오메가3
"캘리포니아골드뉴트리션 오메가 800 1000mg x 90캡슐, 2개",https://search.shopping.naver.com/catalog/53547017738,https://shopping-phinf.pstatic.net/main_5354701/53547017738.20250314113034.jpg,62900,,네이버,53547017738,1,캘리포니아골드뉴트리션,캘리포니아골드뉴트리션,식품,건강식품,영양제,오메가3
포뉴 DA11 초임계 알티지 오메가3 식물성 캡슐 카제로템 60캡슐,https://smartstore.naver.com/main/products/5820343258,https://shopping-phinf.pstatic.net/main_8336484/83364842672.15.jpg,33000,,포뉴,83364842672,2,포뉴,알피바이오,식품,건강식품,영양제,오메가3
"고려은단 식물성 퓨어 알티지 오메가3 이지 400mg x 60캡슐, 2개",https://search.shopping.naver.com/catalog/51929051371,https://shopping-phinf.pstatic.net/main_5192905/51929051371.20250721180314.jpg,23900,,네이버,51929051371,1,고려은단,서흥,식품,건강식품,영양제,오메가3
"커클랜드 슈퍼 오메가3 1229mg x 180캡슐, 1개",https://search.shopping.naver.com/catalog/51929360007,https://shopping-phinf.pstatic.net/main_5192936/51929360007.20241213211714.jpg,24900,,네이버,51929360007,1,커클랜드,,식품,건강식품,영양제,오메가3
"GNM자연의품격 코큐텐 오메가3 1050mg x 30캡슐, 3개",https://search.shopping.naver.com/catalog/51929279173,https://shopping-phinf.pstatic.net/main_5192927/51929279173.20241213211127.jpg,30090,,네이버,51929279173,1,GNM자연의품격,대원헬스케어,식품,건강식품,영양제,오메가3
"YDY 폴라 초임계 오메가3 폴라리스 1256mg x 30캡슐, 4개",https://search.shopping.naver.com/catalog/54813437498,https://shopping-phinf.pstatic.net/main_5481343/54813437498.20260115104323.jpg,89000,,네이버,54813437498,1,,알파바이오,식품,건강식품,영양제,오메가3
담백하루 초임계 알티지 오메가3 1000 360캡슐 12개월 12박스 비타민D600IU 에센스,https://smartstore.naver.com/main/products/6120474284,https://shopping-phinf.pstatic.net/main_8366497/83664973772.6.jpg,204000,,담백하루,83664973772,2,담백하루,알피바이오,식품,건강식품,영양제,오메가3
"세노비스 키즈 츄어블 오메가3 700mg x 150캡슐, 1개",https://search.shopping.naver.com/catalog/51929582479,https://shopping-phinf.pstatic.net/main_5192958/51929582479.20241213222205.jpg,24640,,네이버,51929582479,1,세노비스,서흥,식품,건강식품,영양제,오메가3
"오메가3 피쉬오일 1250mg x 180정, 1개",https://search.shopping.naver.com/catalog/53547014807,https://shopping-phinf.pstatic.net/main_5354701/53547014807.20250314112149.jpg,51800,,네이버,53547014807,1,,스포츠리서치,식품,건강식품,영양제,오메가3
"닥터린 하이퍼셀 알티지(rTG) 오메가3 알파 1,199mg x 100캡슐, 2개",https://search.shopping.naver.com/catalog/58229126329,https://shopping-phinf.pstatic.net/main_5822912/58229126329.20251222112408.jpg,86800,,네이버,58229126329,1,닥터린,노바렉스,식품,건강식품,영양제,오메가3
지니어스뉴 두뇌성분제 DHA ALA 영양 제품 올로메가 베이비 스마트 이유식 부스터 드롭스,https://smartstore.naver.com/main/products/9623766251,https://shopping-phinf.pstatic.net/main_8716826/87168268521.19.jpg,26800,,파이토뉴트리,87168268521,2,파이토뉴트리,,식품,건강식품,영양제,오메가3
2+1 똑키즈 오메가3 어린이 아기 오메가3+맛보기 젤리 1680mgx30개,https://smartstore.naver.com/main/products/5673678346,https://shopping-phinf.pstatic.net/main_8321817/83218175922.30.jpg,80400,,GOODing,83218175922,2,구딩,,식품,건강식품,영양제,오메가3
약국오메가3 초임계 알티지 rTG 알래스카 오메가3 1000 고함량,https://smartstore.naver.com/main/products/5492756074,https://shopping-phinf.pstatic.net/main_8303725/83037251206.7.jpg,43000,,아너스블루,83037251206,2,,,식품,건강식품,영양제,오메가3
[1+1] 스포츠리서치 오메가3 rTG 피쉬오일 1250mg 트리플스트렝스 30정x2개,https://smartstore.naver.com/main/products/4570407834,https://shopping-phinf.pstatic.net/main_8211492/82114927988.2.jpg,41900,,로스스토어,82114927988,2,스포츠리서치,스포츠리서치,식품,건강식품,영양제,오메가3
맘스포뮬러 임산부 오메가3 식물성 초임계 알티지(rTG) 미니 60캡슐 2개월분,https://smartstore.naver.com/main/products/12774693911,https://shopping-phinf.pstatic.net/main_9031920/90319204860.2.jpg,35000,,맘스포뮬러,90319204860,2,맘스포뮬러,,식품,건강식품,영양제,오메가3
"지엠팜 더 알티지 오메가3 565mg x 60캡슐, 1개",https://search.shopping.naver.com/catalog/51929190735,https://shopping-phinf.pstatic.net/main_5192919/51929190735.20250320163752.jpg,28000,,네이버,51929190735,1,지엠팜,노바렉스,식품,건강식품,영양제,오메가3
"지엠팜 초임계 식물성 알티지 DHA 오메가3 601mg x 60캡슐, 1개",https://search.shopping.naver.com/catalog/55933355165,https://shopping-phinf.pstatic.net/main_5593335/55933355165.20250819153452.jpg,40500,,네이버,55933355165,1,지엠팜,알피바이오,식품,건강식품,영양제,오메가3
"종근당건강 혈행건강 프로메가 알티지 오메가3 비타민D 430mg x 60캡슐, 6개",https://search.shopping.naver.com/catalog/51929028733,https://shopping-phinf.pstatic.net/main_5192902/51929028733.20241213202638.jpg,43700,,네이버,51929028733,1,종근당건강,종근당건강,식품,건강식품,영양제,오메가3
"더리얼 알티지 오메가3 맥스 1400mg x 60캡슐, 2개",https://search.shopping.naver.com/catalog/51929184611,https://shopping-phinf.pstatic.net/main_5192918/51929184611.20241213204922.jpg,52000,,네이버,51929184611,1,더리얼,비타네추럴스,식품,건강식품,영양제,오메가3
[2개월분] rTG알티지오메가3 1박스 60캡슐 1000mg 비타민D3 식물성캡슐 순수식품,https://smartstore.naver.com/main/products/4867822811,https://shopping-phinf.pstatic.net/main_8241234/82412346266.29.jpg,11500,,순수식품,82412346266,3,순수식품,동서바이오팜,식품,건강식품,영양제,오메가3
뉴트리디데이 rTG 알티지 오메가3 골드,https://smartstore.naver.com/main/products/5123309105,https://shopping-phinf.pstatic.net/main_8266782/82667829521.18.jpg,17900,,뉴트리디데이,82667829521,3,뉴트리디데이,케이지앤에프,식품,건강식품,영양제,오메가3
블랙모어스 알티지오메가3 호주 프리미엄 RTG오메가3 임산부 피쉬오일 미니 캡슐 2+1,https://smartstore.naver.com/main/products/5489289792,https://shopping-phinf.pstatic.net/main_8303378/83033784834.42.jpg,45900,,블랙모어스,83033784834,3,블랙모어스,블랙모어스,식품,건강식품,영양제,오메가3
"헤라클레스 엑스퍼트 오메가3 30캡슐, 4개",https://smartstore.naver.com/main/products/11946510653,https://shopping-phinf.pstatic.net/main_8949102/89491021341.3.jpg,79800,,HERACLES,89491021341,3,헤라클레스,콜마비앤에이치,식품,건강식품,영양제,오메가3
"고려은단 식물성 퓨어 알티지 오메가3 기억력+ 60캡슐, 3개",https://smartstore.naver.com/main/products/9901115383,https://shopping-phinf.pstatic.net/main_8744561/87445617656.5.jpg,44900,,고려은단몰,87445617656,3,고려은단,서흥,식품,건강식품,영양제,오메가3
디오메가3 초임계 알티지 오메가3 순도80% 레몬향,https://smartstore.naver.com/main/products/8794528179,https://shopping-phinf.pstatic.net/main_8633902/86339028502.4.jpg,18800,,차이뉴트리,86339028502,3,,콜마비앤에이치,식품,건강식품,영양제,오메가3
"고려은단 식물성 퓨어 알티지 오메가3 60캡슐, 3개 (6개월분)",https://smartstore.naver.com/main/products/9669821031,https://shopping-phinf.pstatic.net/main_8721432/87214323301.15.jpg,49900,,고려은단몰,87214323301,3,고려은단,서흥,식품,건강식품,영양제,오메가3
"종근당건강 프로메가 오메가3 트리플 장용성 60캡슐, 2개",https://link.coupang.com/re/PCSNAVERPCSDP?pageKey=6586372374&ctag=6586372374&lptag=I19081002442&itemId=19081002442&vendorItemId=82081965656&spec=10305197,https://shopping-phinf.pstatic.net/main_4317526/43175264010.29.jpg,20770,,쿠팡,43175264010,3,종근당건강,서흥,식품,건강식품,영양제,오메가3
[6개월]내츄럴플러스 차태현 알티지 오메가3 1200 180캡슐 1박스,https://smartstore.naver.com/main/products/4118545376,https://shopping-phinf.pstatic.net/main_8166306/81663066319.136.jpg,49900,,내츄럴플러스,81663066319,3,내츄럴플러스,네추럴라이프뉴트리션,식품,건강식품,영양제,오메가3
"트루엔 파랑이 알래스카 오메가3 알티지(RTG) 비타민D 100캡슐, 1개",https://smartstore.naver.com/main/products/5254398343,https://shopping-phinf.pstatic.net/main_8279892/82798920821.27.jpg,78000,,트루엔,82798920821,3,트루엔,알피바이오,식품,건강식품,영양제,오메가3
"AWESOME 키즈 오메가3 플러스 1680mg x 30구미, 2개",https://search.shopping.naver.com/catalog/51929206659,https://shopping-phinf.pstatic.net/main_5192920/51929206659.20250127122036.jpg,64890,,네이버,51929206659,1,AWESOME,,식품,건강식품,영양제,오메가3
"위타민 알래스카 오메가3 츄어블 1256mg x 60캡슐, 1개",https://search.shopping.naver.com/catalog/53506772721,https://shopping-phinf.pstatic.net/main_5350677/53506772721.20250312103942.jpg,49000,,네이버,53506772721,1,위타민,알피바이오,식품,건강식품,영양제,오메가3
"닥터린 초임계 식물성 알티지 rTG 오메가3 멀티케어 1126mg x 30캡슐, 3개",https://search.shopping.naver.com/catalog/51929290634,https://shopping-phinf.pstatic.net/main_5192929/51929290634.20241213210616.jpg,59700,,네이버,51929290634,1,닥터린,노바렉스,식품,건강식품,영양제,오메가3
"뉴트리코어 WCS 초임계 식물성 알티지(RTG) 오메가3 케이디파마 30캡슐, 1개",https://smartstore.naver.com/main/products/4334691656,https://shopping-phinf.pstatic.net/main_8187921/81879213589.23.jpg,49000,,뉴트리코어,81879213589,3,뉴트리코어,노바렉스,식품,건강식품,영양제,오메가3
"루체메디 초임계 알티지 오메가3 1005mg x 30캡슐, 6개",https://search.shopping.naver.com/catalog/57407753110,https://shopping-phinf.pstatic.net/main_5740775/57407753110.20251028112451.jpg,48600,,네이버,57407753110,1,루체메디,한국씨엔에스팜,식품,건강식품,영양제,오메가3
"뉴트리코어 하이퍼셀 식물성 오메가3 1340mg x 150캡슐, 1개",https://search.shopping.naver.com/catalog/51929498580,https://shopping-phinf.pstatic.net/main_5192949/51929498580.20250228172013.jpg,194380,,네이버,51929498580,1,뉴트리코어,노바렉스,식품,건강식품,영양제,오메가3
"담백하루 알래스카 알티지 오메가 에센스 1000 1252mg x 30캡슐, 6개",https://search.shopping.naver.com/catalog/58340274055,https://shopping-phinf.pstatic.net/main_5834027/58340274055.20251231114415.jpg,104500,,네이버,58340274055,1,담백하루,알피바이오,식품,건강식품,영양제,오메가3
스포츠리서치 1040mg 오메가-3 피쉬 오일 트리플 스트렝스 소프트젤  180정  1개,https://link.coupang.com/re/PCSNAVERPCSDP?pageKey=6854281548&ctag=6854281548&lptag=I24019532759&itemId=24019532759&vendorItemId=4765824657&spec=10305199,https://shopping-phinf.pstatic.net/main_5326645/53266457029.4.jpg,54690,,쿠팡,53266457029,2,스포츠리서치,스포츠리서치,식품,건강식품,영양제,오메가3
"종근당 20100 초임계 식물성 알티지 오메가3 900mg x 30캡슐, 3개",https://search.shopping.naver.com/catalog/51929038653,https://shopping-phinf.pstatic.net/main_5192903/51929038653.20241213203005.jpg,49720,,네이버,51929038653,1,종근당,알피바이오,식품,건강식품,영양제,오메가3
"YDY 폴라초임계오메가3 약들약 고약사 알티지오메가3 30캡슐, 4개",https://smartstore.naver.com/main/products/8195176402,https://shopping-phinf.pstatic.net/main_8573967/85739676725.13.jpg,89000,,YDY뉴트리션,85739676725,3,,알파바이오,식품,건강식품,영양제,오메가3
"트루엔 초임계 알티지오메가3 1256mg x 100캡슐, 1개",https://search.shopping.naver.com/catalog/51929502145,https://shopping-phinf.pstatic.net/main_5192950/51929502145.20241213221010.jpg,69500,,네이버,51929502145,1,트루엔,알피바이오,식품,건강식품,영양제,오메가3
"뉴트리모어 식물성 초임계 알티지 오메가3 DHA 1000 임산부 수유부 60캡슐, 1개",https://smartstore.naver.com/main/products/8278746940,https://shopping-phinf.pstatic.net/main_8582324/85823247263.4.jpg,46000,,뉴트리 모어,85823247263,3,뉴트리모어,알피바이오,식품,건강식품,영양제,오메가3
"GNM자연의품격 초임계 식물성 알티지오메가3 비건 505mg x 60캡슐, 2개",https://search.shopping.naver.com/catalog/51929257674,https://shopping-phinf.pstatic.net/main_5192925/51929257674.20241213205927.jpg,28390,,네이버,51929257674,1,GNM자연의품격,한풍네이처팜,식품,건강식품,영양제,오메가3
"3+1 포뉴 DA11 초임계 알티지 오메가3 식물성 캡슐 카제로템 60캡슐, 4개",https://smartstore.naver.com/main/products/11117961274,https://shopping-phinf.pstatic.net/main_8866247/88662471596.2.jpg,89000,,포뉴,88662471596,2,포뉴,알피바이오,식품,건강식품,영양제,오메가3
"[한국공식몰] 스포츠리서치 rTG 오메가3 트리플 스트렝스 알래스카산 명태 30정, 2개",https://smartstore.naver.com/main/products/12037278845,https://shopping-phinf.pstatic.net/main_8958178/89581789537.2.jpg,48000,,블루존 스토어,89581789537,3,스포츠리서치,스포츠리서치,식품,건강식품,영양제,오메가3
"키즈텐 알티지 오메가3 알래스카 순도80% 키즈 초등학생 비타민D 젤리 30구미, 4개",https://smartstore.naver.com/main/products/11676157684,https://shopping-phinf.pstatic.net/main_8922066/89220668151.4.jpg,90750,,키즈텐,89220668151,3,키즈텐,알피바이오,식품,건강식품,영양제,오메가3
"종근당 20100 초임계 알티지 오메가3 833mg x 30캡슐, 6개",https://search.shopping.naver.com/catalog/51929511650,https://shopping-phinf.pstatic.net/main_5192951/51929511650.20241213220554.jpg,59340,,네이버,51929511650,1,종근당,콜마비앤에이치,식품,건강식품,영양제,오메가3
"닥터린 브이 알티지 오메가3 757mg x 30캡슐, 4개",https://search.shopping.naver.com/catalog/51929226724,https://shopping-phinf.pstatic.net/main_5192922/51929226724.20241213205116.jpg,53180,,네이버,51929226724,1,닥터린,노바렉스,식품,건강식품,영양제,오메가3
"[+멤버십 10%적립] 종근당건강 프로메가 알티지 오메가3 듀얼 비타민D 4000IU 60캡슐, 5개",https://smartstore.naver.com/main/products/12236379753,https://shopping-phinf.pstatic.net/main_8978089/89780890469.12.jpg,67000,,종근당건강,89780890469,2,프로메가,종근당건강,식품,건강식품,영양제,오메가3
"종근당건강 프로메가 알티지 오메가3 듀얼 60캡슐, 5개",https://smartstore.naver.com/main/products/8304079386,https://shopping-phinf.pstatic.net/main_8584857/85848579709.92.jpg,50500,,종근당건강,85848579709,3,프로메가,서흥,식품,건강식품,영양제,오메가3
"영롱 아쿠아 글로우 오메가3 700mg x 60캡슐, 1개",https://search.shopping.naver.com/catalog/57152040476,https://shopping-phinf.pstatic.net/main_5715204/57152040476.20251010141711.jpg,55000,,네이버,57152040476,1,영롱,케이지앤에프,식품,건강식품,영양제,오메가3
담백하루 초임계 알티지 RTG 오메가3 효능 에센스 1000 고약사 단백하루 혈행개선,https://smartstore.naver.com/main/products/7515865914,https://shopping-phinf.pstatic.net/main_8506036/85060366236.3.jpg,25700,,초이진스,85060366236,2,담백하루,알피바이오,식품,건강식품,영양제,오메가3
"유니시티 오메가 라이프3 리졸브 673mg x 120캡슐, 1개",https://search.shopping.naver.com/catalog/51929175431,https://shopping-phinf.pstatic.net/main_5192917/51929175431.20241213204719.jpg,35470,,네이버,51929175431,1,유니시티,,식품,건강식품,영양제,오메가3
"뉴로랩스 초임계 식물성 알티지 오메가3 727mg x 30캡슐, 1개",https://search.shopping.naver.com/catalog/55108765070,https://shopping-phinf.pstatic.net/main_5510876/55108765070.20250702103727.jpg,37000,,네이버,55108765070,1,뉴로랩스,비오팜,식품,건강식품,영양제,오메가3
"프로메가 식물성 알티지 오메가3 듀얼 450mg x 60캡슐, 3개",https://search.shopping.naver.com/catalog/51929544366,https://shopping-phinf.pstatic.net/main_5192954/51929544366.20241213221634.jpg,46950,,네이버,51929544366,1,프로메가,서흥,식품,건강식품,영양제,오메가3
"내츄럴플러스 굿앤키즈 맛있는 알티지 오메가3 츄어블 1000mg x 90캡슐, 1개",https://search.shopping.naver.com/catalog/51929519255,https://shopping-phinf.pstatic.net/main_5192951/51929519255.20260209095333.jpg,13930,,네이버,51929519255,1,내츄럴플러스,알피바이오,식품,건강식품,영양제,오메가3
